{"id": "1daf8c7f", "filename": "capture_20260419_215654.pcap", "filepath": "C:\\Users\\Aayush\\Downloads\\The Obsidian Lens\\obl\\uploads\\capture_20260419_215654.pcap", "status": "analyzed", "source": "live_capture", "packets_captured": 6, "capture_duration": 6.11, "uploaded_at": "2026-04-19T21:57:00.334624", "metadata": {"total_packets": 4, "total_flows": 2, "capture_duration": 5.49341607093811, "start_time": 1776616014.837041, "end_time": 1776616020.330457, "file": "C:\\Users\\Aayush\\Downloads\\The Obsidian Lens\\obl\\uploads\\capture_20260419_215654.pcap", "tls_flows_detected": 0}, "flow_analysis": {"flow_summaries": [{"flow": "172.28.118.27:38040 <-> 185.125.190.57:123", "protocol": "UDP", "total_packets": 2, "total_bytes": 180, "duration": 0.3478, "avg_packet_size": 90.0, "start_time": 1776616014.837041, "end_time": 1776616015.184809}, {"flow": "172.28.118.27:57791 <-> 185.125.190.57:123", "protocol": "UDP", "total_packets": 2, "total_bytes": 180, "duration": 0.4811, "avg_packet_size": 90.0, "start_time": 1776616019.849393, "end_time": 1776616020.330457}], "dns_analysis": {"total_dns_queries": 0, "dns_sources": {}, "dns_ratio": 0.0}, "connection_frequency": {"172.28.118.27": {"unique_destinations": 1, "destinations": [{"ip": "185.125.190.57", "port": 123}]}, "185.125.190.57": {"unique_destinations": 2, "destinations": [{"ip": "172.28.118.27", "port": 38040}, {"ip": "172.28.118.27", "port": 57791}]}}, "time_series": [{"window_start": 1776616014.837041, "window_end": 1776616074.837041, "packet_count": 4, "total_bytes": 360, "avg_packet_size": 90.0, "unique_src_ips": 2, "unique_dst_ips": 2}], "protocol_distribution": [{"protocol": "UDP", "packet_count": 4, "byte_count": 360, "packet_ratio": 1.0, "byte_ratio": 1.0}]}, "features": [{"flow_key": "172.28.118.27:38040<->185.125.190.57:123", "src_ip": "172.28.118.27", "dst_ip": "185.125.190.57", "protocol": 17, "flow_duration": 0.34776806831359863, "iat_mean": 0.34776806831359863, "iat_std": 0.0, "iat_min": 0.34776806831359863, "iat_max": 0.34776806831359863, "fwd_iat_mean": 0, "fwd_iat_std": 0, "fwd_iat_min": 0, "fwd_iat_max": 0, "bwd_iat_mean": 0, "bwd_iat_std": 0, "bwd_iat_min": 0, "bwd_iat_max": 0, "active_time_mean": 0, "active_time_std": 0, "active_time_min": 0, "active_time_max": 0, "idle_time_mean": 0.34776806831359863, "idle_time_std": 0.0, "idle_time_min": 0.34776806831359863, "idle_time_max": 0.34776806831359863, "total_fwd_packets": 1, "total_bwd_packets": 1, "total_fwd_bytes": 90, "total_bwd_bytes": 90, "fwd_pkt_len_mean": 90.0, "fwd_pkt_len_std": 0.0, "fwd_pkt_len_min": 90.0, "fwd_pkt_len_max": 90.0, "bwd_pkt_len_mean": 90.0, "bwd_pkt_len_std": 0.0, "bwd_pkt_len_min": 90.0, "bwd_pkt_len_max": 90.0, "avg_packet_size": 90.0, "pkt_len_variance": 0.0, "spl_1": 90, "spl_2": 90, "spl_3": 0, "spl_4": 0, "spl_5": 0, "spl_6": 0, "spl_7": 0, "spl_8": 0, "spl_9": 0, "spl_10": 0, "flow_bytes_per_sec": 517.5863352632066, "flow_packets_per_sec": 5.750959280702296, "down_up_ratio": 1.0, "fwd_bwd_packet_ratio": 1.0, "burst_count": 0, "burst_avg_size": 0, "burst_avg_duration": 0, "burst_total_packets": 0, "init_win_fwd": 0, "init_win_bwd": 0, "fwd_header_len": 28, "bwd_header_len": 28, "fin_flag_count": 0, "syn_flag_count": 0, "rst_flag_count": 0, "psh_flag_count": 0, "ack_flag_count": 0, "urg_flag_count": 0, "ttl_mean": 56.5, "ttl_std": 7.5, "dns_query_count": 0, "total_packets": 2, "tls_num_ciphersuites": 0, "tls_num_extensions": 0, "tls_handshake_duration": 0, "tls_version": 0, "tls_has_sni": 0, "tls_ext_lengths_mean": 0, "tls_ext_lengths_std": 0, "tls_cipher_entropy": 0, "tls_is_resumed": 0, "tls_has_ja3": 0, "tls_ja3_numeric": 0}, {"flow_key": "172.28.118.27:57791<->185.125.190.57:123", "src_ip": "172.28.118.27", "dst_ip": "185.125.190.57", "protocol": 17, "flow_duration": 0.4810640811920166, "iat_mean": 0.4810640811920166, "iat_std": 0.0, "iat_min": 0.4810640811920166, "iat_max": 0.4810640811920166, "fwd_iat_mean": 0, "fwd_iat_std": 0, "fwd_iat_min": 0, "fwd_iat_max": 0, "bwd_iat_mean": 0, "bwd_iat_std": 0, "bwd_iat_min": 0, "bwd_iat_max": 0, "active_time_mean": 0, "active_time_std": 0, "active_time_min": 0, "active_time_max": 0, "idle_time_mean": 0.4810640811920166, "idle_time_std": 0.0, "idle_time_min": 0.4810640811920166, "idle_time_max": 0.4810640811920166, "total_fwd_packets": 1, "total_bwd_packets": 1, "total_fwd_bytes": 90, "total_bwd_bytes": 90, "fwd_pkt_len_mean": 90.0, "fwd_pkt_len_std": 0.0, "fwd_pkt_len_min": 90.0, "fwd_pkt_len_max": 90.0, "bwd_pkt_len_mean": 90.0, "bwd_pkt_len_std": 0.0, "bwd_pkt_len_min": 90.0, "bwd_pkt_len_max": 90.0, "avg_packet_size": 90.0, "pkt_len_variance": 0.0, "spl_1": 90, "spl_2": 90, "spl_3": 0, "spl_4": 0, "spl_5": 0, "spl_6": 0, "spl_7": 0, "spl_8": 0, "spl_9": 0, "spl_10": 0, "flow_bytes_per_sec": 374.1705253777886, "flow_packets_per_sec": 4.157450281975429, "down_up_ratio": 1.0, "fwd_bwd_packet_ratio": 1.0, "burst_count": 0, "burst_avg_size": 0, "burst_avg_duration": 0, "burst_total_packets": 0, "init_win_fwd": 0, "init_win_bwd": 0, "fwd_header_len": 28, "bwd_header_len": 28, "fin_flag_count": 0, "syn_flag_count": 0, "rst_flag_count": 0, "psh_flag_count": 0, "ack_flag_count": 0, "urg_flag_count": 0, "ttl_mean": 57.5, "ttl_std": 6.5, "dns_query_count": 0, "total_packets": 2, "tls_num_ciphersuites": 0, "tls_num_extensions": 0, "tls_handshake_duration": 0, "tls_version": 0, "tls_has_sni": 0, "tls_ext_lengths_mean": 0, "tls_ext_lengths_std": 0, "tls_cipher_entropy": 0, "tls_is_resumed": 0, "tls_has_ja3": 0, "tls_ja3_numeric": 0}], "predictions": [{"prediction": "web_browser", "confidence": 0.99, "probabilities": {"apt_exfiltration": 0.0, "botnet": 0.0, "brute_force_ssh": 0.0, "ddos_attack": 0.01, "malware_c2": 0.0, "port_scan": 0.0, "web_browser": 0.99}, "category": "Normal", "is_vpn": false, "is_malicious": false, "threat_type": "Web Browser", "otx_reputation": {"provider": "AlienVault OTX", "indicator": "172.28.118.27", "indicator_type": "IPv4", "reputation_available": false, "malicious": false, "pulse_count": 0, "pulses": [], "pulse_names": [], "malware_tags": [], "malware_families": [], "country_name": "", "asn": "", "last_seen": "", "threat_reputation_summary": "OTX API key not configured.", "intel_severity": "none", "otx_score": 0.0}, "otx_pulse_count": 0, "otx_tags": [], "otx_pulse_names": [], "otx_country": "", "otx_asn": "", "otx_last_seen": "", "otx_malicious": false, "threat_intel_source": "", "behavioral_score": 0.99, "otx_score": 0.0, "hybrid_score": 0.693, "verdict": "suspicious", "confidence_boost": 0.0, "identity_id": 1, "src_ip": "172.28.118.27", "dst_ip": "185.125.190.57"}, {"prediction": "web_browser", "confidence": 0.99, "probabilities": {"apt_exfiltration": 0.0, "botnet": 0.0, "brute_force_ssh": 0.0, "ddos_attack": 0.01, "malware_c2": 0.0, "port_scan": 0.0, "web_browser": 0.99}, "category": "Normal", "is_vpn": false, "is_malicious": false, "threat_type": "Web Browser", "otx_reputation": {"provider": "AlienVault OTX", "indicator": "172.28.118.27", "indicator_type": "IPv4", "reputation_available": false, "malicious": false, "pulse_count": 0, "pulses": [], "pulse_names": [], "malware_tags": [], "malware_families": [], "country_name": "", "asn": "", "last_seen": "", "threat_reputation_summary": "OTX API key not configured.", "intel_severity": "none", "otx_score": 0.0}, "otx_pulse_count": 0, "otx_tags": [], "otx_pulse_names": [], "otx_country": "", "otx_asn": "", "otx_last_seen": "", "otx_malicious": false, "threat_intel_source": "", "behavioral_score": 0.99, "otx_score": 0.0, "hybrid_score": 0.693, "verdict": "suspicious", "confidence_boost": 0.0, "identity_id": 1, "src_ip": "172.28.118.27", "dst_ip": "185.125.190.57"}], "explanations": [{"flow_index": 0, "prediction": "web_browser", "confidence": 0.99, "top_features": [{"feature": "bwd_pkt_len_min", "importance": 0.0396, "value": 0.712755, "contribution": 0.1205}, {"feature": "bwd_pkt_len_mean", "importance": 0.0577, "value": -0.355616, "contribution": 0.0876}, {"feature": "init_win_fwd",