{
    "full_features": {
        "flow_key": "2.1.1.1:0<->2.1.1.2:0",
        "src_ip": "2.1.1.1",
        "dst_ip": "2.1.1.2",
        "protocol": 1,
        "flow_duration": 0.0005090236663818359,
        "iat_mean": 0.00025451183319091797,
        "iat_std": 0.0001894235610961914,
        "iat_min": 6.508827209472656e-05,
        "iat_max": 0.0004439353942871094,
        "fwd_iat_mean": 6.508827209472656e-05,
        "fwd_iat_std": 0.0,
        "fwd_iat_min": 6.508827209472656e-05,
        "fwd_iat_max": 6.508827209472656e-05,
        "bwd_iat_mean": 0,
        "bwd_iat_std": 0,
        "bwd_iat_min": 0,
        "bwd_iat_max": 0,
        "active_time_mean": 0.0005090236663818359,
        "active_time_std": 0.0,
        "active_time_min": 0.0005090236663818359,
        "active_time_max": 0.0005090236663818359,
        "idle_time_mean": 0,
        "idle_time_std": 0,
        "idle_time_min": 0,
        "idle_time_max": 0,
        "total_fwd_packets": 2,
        "total_bwd_packets": 1,
        "total_fwd_bytes": 1476,
        "total_bwd_bytes": 1442,
        "fwd_pkt_len_mean": 738.0,
        "fwd_pkt_len_std": 272.0,
        "fwd_pkt_len_min": 466.0,
        "fwd_pkt_len_max": 1010.0,
        "bwd_pkt_len_mean": 1442.0,
        "bwd_pkt_len_std": 0.0,
        "bwd_pkt_len_min": 1442.0,
        "bwd_pkt_len_max": 1442.0,
        "avg_packet_size": 972.6666666666666,
        "pkt_len_variance": 159459.55555555553,
        "spl_1": 1010,
        "spl_2": 466,
        "spl_3": 1442,
        "spl_4": 0,
        "spl_5": 0,
        "spl_6": 0,
        "spl_7": 0,
        "spl_8": 0,
        "spl_9": 0,
        "spl_10": 0,
        "flow_bytes_per_sec": 5732542.890866511,
        "flow_packets_per_sec": 5893.6355971896955,
        "down_up_ratio": 0.9769647696476965,
        "fwd_bwd_packet_ratio": 2.0,
        "burst_count": 1,
        "burst_avg_size": 3.0,
        "burst_avg_duration": 0.0005090236663818359,
        "burst_total_packets": 3,
        "init_win_fwd": 0,
        "init_win_bwd": 0,
        "fwd_header_len": 40,
        "bwd_header_len": 20,
        "fin_flag_count": 0,
        "syn_flag_count": 0,
        "rst_flag_count": 0,
        "psh_flag_count": 0,
        "ack_flag_count": 0,
        "urg_flag_count": 0,
        "ttl_mean": 64.0,
        "ttl_std": 0.0,
        "dns_query_count": 0,
        "total_packets": 3,
        "tls_num_ciphersuites": 0,
        "tls_num_extensions": 0,
        "tls_handshake_duration": 0,
        "tls_version": 0,
        "tls_has_sni": 0,
        "tls_ext_lengths_mean": 0,
        "tls_ext_lengths_std": 0,
        "tls_cipher_entropy": 0,
        "tls_is_resumed": 0,
        "tls_has_ja3": 0,
        "tls_ja3_numeric": 0
    },
    "last_updated": "2026-04-20T00:00:58.688195",
    "behavior_vector": [
        0.0005090236663818359,
        0.00025451183319091797,
        738.0,
        1442.0,
        5732542.890866511,
        5893.6355971896955,
        6.508827209472656e-05,
        0.0,
        0.9769647696476965,
        0.0005090236663818359
    ]
}