{
    "full_features": {
        "flow_key": "172.28.112.1:5353<->224.0.0.251:5353",
        "src_ip": "172.28.112.1",
        "dst_ip": "224.0.0.251",
        "protocol": 17,
        "flow_duration": 0.003507852554321289,
        "iat_mean": 0.0008769631385803223,
        "iat_std": 0.00010722998183155609,
        "iat_min": 0.0007178783416748047,
        "iat_max": 0.001016855239868164,
        "fwd_iat_mean": 0.0008769631385803223,
        "fwd_iat_std": 0.00010722998183155609,
        "fwd_iat_min": 0.0007178783416748047,
        "fwd_iat_max": 0.001016855239868164,
        "bwd_iat_mean": 0,
        "bwd_iat_std": 0,
        "bwd_iat_min": 0,
        "bwd_iat_max": 0,
        "active_time_mean": 0.003507852554321289,
        "active_time_std": 0.0,
        "active_time_min": 0.003507852554321289,
        "active_time_max": 0.003507852554321289,
        "idle_time_mean": 0,
        "idle_time_std": 0,
        "idle_time_min": 0,
        "idle_time_max": 0,
        "total_fwd_packets": 5,
        "total_bwd_packets": 0,
        "total_fwd_bytes": 381,
        "total_bwd_bytes": 0,
        "fwd_pkt_len_mean": 76.2,
        "fwd_pkt_len_std": 1.16619037896906,
        "fwd_pkt_len_min": 75.0,
        "fwd_pkt_len_max": 78.0,
        "bwd_pkt_len_mean": 0,
        "bwd_pkt_len_std": 0,
        "bwd_pkt_len_min": 0,
        "bwd_pkt_len_max": 0,
        "avg_packet_size": 76.2,
        "pkt_len_variance": 1.3599999999999999,
        "spl_1": 76,
        "spl_2": 75,
        "spl_3": 78,
        "spl_4": 77,
        "spl_5": 75,
        "spl_6": 0,
        "spl_7": 0,
        "spl_8": 0,
        "spl_9": 0,
        "spl_10": 0,
        "flow_bytes_per_sec": 108613.45911778699,
        "flow_packets_per_sec": 1425.3734792360497,
        "down_up_ratio": 0.0,
        "fwd_bwd_packet_ratio": 5.0,
        "burst_count": 1,
        "burst_avg_size": 5.0,
        "burst_avg_duration": 0.003507852554321289,
        "burst_total_packets": 5,
        "init_win_fwd": 0,
        "init_win_bwd": 0,
        "fwd_header_len": 140,
        "bwd_header_len": 0,
        "fin_flag_count": 0,
        "syn_flag_count": 0,
        "rst_flag_count": 0,
        "psh_flag_count": 0,
        "ack_flag_count": 0,
        "urg_flag_count": 0,
        "ttl_mean": 1.0,
        "ttl_std": 0.0,
        "dns_query_count": 5,
        "total_packets": 5,
        "tls_num_ciphersuites": 0,
        "tls_num_extensions": 0,
        "tls_handshake_duration": 0,
        "tls_version": 0,
        "tls_has_sni": 0,
        "tls_ext_lengths_mean": 0,
        "tls_ext_lengths_std": 0,
        "tls_cipher_entropy": 0,
        "tls_is_resumed": 0,
        "tls_has_ja3": 0,
        "tls_ja3_numeric": 0
    },
    "last_updated": "2026-04-20T07:46:25.465127",
    "behavior_vector": [
        0.003507852554321289,
        0.0008769631385803223,
        76.2,
        0.0,
        108613.45911778699,
        1425.3734792360497,
        0.0008769631385803223,
        0.0,
        0.0,
        0.003507852554321289
    ]
}